,LTV0,Exercise Before Liquidation (%),Liquidation Before Exericse (%),Healthy and not Exercised until T (%)
0,0.3,99.99884999999999,0.00115,0.0
1,0.4,99.99385,0.00615,0.0
2,0.5,99.97735,0.02265,0.0
3,0.6,99.91590000000001,0.06355,0.020550000000000002
4,0.7,84.21170000000001,2.9362,12.8521
5,0.8,91.2333,4.52855,4.23815
